circuit_name,compiler,compile_time,raw_multiq_gates,compiled_multiq_gates,gate_reduction_per_s,reduction_factor,compiled_ratio
random_Clifford_N10_basis_rz_rx_ry_h_cx,cirq,3.9666528701782227,618.0,565.0,0.2757501968367019,1.0938053097345133,0.9142394822006472
random_Clifford_N10_basis_rz_rx_ry_h_cx,pytket,0.02327704429626465,618.0,604.0,43.956560589233106,1.0231788079470199,0.9773462783171522
random_Clifford_N10_basis_rz_rx_ry_h_cx,qiskit,1.098642110824585,618.0,565.0,0.9955974734243153,1.0938053097345133,0.9142394822006472
random_Clifford_N10_basis_rz_rx_ry_h_cx,ucc,0.23313593864440918,618.0,565.0,4.691706118303969,1.0938053097345133,0.9142394822006472
