circuit_name,compiler,compile_time,raw_multiq_gates,compiled_multiq_gates,gate_reduction_per_s,reduction_factor,compiled_ratio
random_Clifford_N10_basis_rz_rx_ry_h_cx,cirq,4.199394702911377,618.0,565.0,0.2604673737803676,1.0938053097345133,0.9142394822006472
random_Clifford_N10_basis_rz_rx_ry_h_cx,pytket,0.021860122680664062,618.0,604.0,46.80572121637965,1.0231788079470199,0.9773462783171522
random_Clifford_N10_basis_rz_rx_ry_h_cx,qiskit,0.3673858642578125,618.0,565.0,2.977265638524777,1.0938053097345133,0.9142394822006472
random_Clifford_N10_basis_rz_rx_ry_h_cx,ucc,0.21868014335632324,618.0,565.0,5.0018501586229425,1.0938053097345133,0.9142394822006472
