circuit_name,compiler,compile_time,raw_multiq_gates,compiled_multiq_gates,gate_reduction_per_s,reduction_factor,compiled_ratio
prep_select,ucc,10.116312980651855,9744.0,24767.0,0.038890328713936814,0.39342673719061655,2.5417692939244665
qaoa_barabasi_albert,ucc,1.6235740184783936,1176.0,7979.0,0.0907792862600273,0.14738689058779295,6.784863945578231
qcnn,ucc,0.36801815032958984,388.0,1216.0,0.867019594231046,0.3190789473684211,3.134020618556701
qft,ucc,2.9687631130218506,10050.0,9007.0,0.375846364515695,1.1157988231375597,0.8962189054726368
qv,ucc,25.53659200668335,15000.0,106758.0,0.005502092558786584,0.14050469285674141,7.1172
square_heisenberg,ucc,0.5289812088012695,2160.0,1593.0,2.5632899256715076,1.3559322033898304,0.7375
